{
  "names": [
    "BUDDY",
    "ROCCO",
    "ZEUS",
    "BUSTER",
    "JAKE",
    "JACK",
    "PRINCE",
    "LEO",
    "BRUNO",
    "OLIVER",
    "OSCAR",
    "ROMEO",
    "DEXTER",
    "BRUCE",
    "THOR",
    "HENRY",
    "SADIE",
    "ROSIE",
    "LILY",
    "LUCY",
    "EMMA",
    "ROXY",
    "NALA",
    "ZOEY",
    "GRACIE",
    "LADY",
    "DAISY",
    "STELLA",
    "MOLLY",
    "LOLA",
    "SOPHIE",
    "BELLA"
  ],
  "values": [
    -6.795859283219775,
    -6.7922480296673955,
    -6.662286895181912,
    -6.581200581924957,
    -6.5660540381710915,
    -6.494141272924945,
    -6.4770836369993345,
    -6.464467208534596,
    -6.442943495848728,
    -6.438197784198078,
    -6.364572432295856,
    -6.360063223774134,
    -6.247927513443585,
    -6.145677455195635,
    -6.0574502721839,
    -6.044394119358453,
    6.535707385919102,
    6.548436624696042,
    6.729157227070051,
    6.740792672277682,
    6.741466986401147,
    6.751544059089098,
    6.768184324776926,
    6.957516668678487,
    6.96116025813664,
    7.034995421356204,
    7.1814389894593536,
    7.2397689900564215,
    7.456354415108288,
    7.568102282159031,
    7.803485375595953,
    7.9920886090139955
  ],
  "totals": [
    2008,
    661,
    706,
    764,
    756,
    1266,
    1071,
    1151,
    782,
    1218,
    824,
    572,
    606,
    349,
    328,
    727,
    834,
    936,
    1168,
    2149,
    530,
    860,
    540,
    867,
    618,
    915,
    1890,
    1055,
    1403,
    2470,
    1112,
    3824
  ],
  "female_shares": [
    0.006474103585657371,
    0.0015128593040847202,
    0.0028328611898017,
    0.003926701570680628,
    0.003968253968253968,
    0.0071090047393364926,
    0.006535947712418301,
    0.0069504778453518675,
    0.005115089514066497,
    0.007389162561576354,
    0.006067961165048544,
    0.0034965034965034965,
    0.0049504950495049506,
    0.0,
    0.0,
    0.008253094910591471,
    0.9952038369304557,
    0.9946581196581197,
    0.9948630136986302,
    0.9930200093066542,
    1.0,
    0.9965116279069768,
    1.0,
    0.9976931949250288,
    1.0,
    0.9978142076502732,
    0.9957671957671957,
    0.9981042654028436,
    0.9978617248752673,
    0.9967611336032388,
    1.0,
    0.9973849372384938
  ],
  "female_counts": [
    13,
    1,
    2,
    3,
    3,
    9,
    7,
    8,
    4,
    9,
    5,
    2,
    3,
    0,
    0,
    6,
    830,
    931,
    1162,
    2134,
    530,
    857,
    540,
    865,
    618,
    913,
    1882,
    1053,
    1400,
    2462,
    1112,
    3814
  ],
  "male_counts": [
    1995,
    660,
    704,
    761,
    753,
    1257,
    1064,
    1143,
    778,
    1209,
    819,
    570,
    603,
    349,
    328,
    721,
    4,
    5,
    6,
    15,
    0,
    3,
    0,
    2,
    0,
    2,
    8,
    2,
    3,
    8,
    0,
    10
  ]
}